batch,barcode,treatment_1,reagent_1,concentration_1,treatment_2,reagent_2,concentration_2,replicate,culture,condition,WNT,WNT_Conc,EGF,EGF_Conc,WNT_EGF_Ratio,EGF_WNT_Ratio,111Cd_CD44,113In_CEACAM1_CD66a,115In_Pan-CK,116Cd_GFP,127I_IdU,141Pr_pPDPK1_S241,142Nd_cCaspase 3_D175,143Nd_C-MYC_1,145Nd_pNDRG1_T346,146Nd_pMKK4_SEK1_S257,147Sm_pBTK_Y511_1,148Nd_pSRC_Y418,149Sm_p4EBP1_T37_T46,150Nd_pRB_S807_S811,152Sm_pAKT_T308,153Eu_pCREB_S133,156Gd_pNF-kB p65_S529,157Gd_pMKK3_MKK6_S189_207,158Gd_pP38 MAPK_T180_Y182,159Tb_pMAPKAPK2_T334,160Gd_pAMPKa_T172,161Dy_pBAD_S112,162Dy_LRIG1_1,163Dy_pP90RSK_T359_Hu,164Dy_pP120-Catenin_T310,165Ho_Beta-catenin_Active_1,166Er_pGSK-3b_S9,167Er_pERK_1_2_T202_Y204,168Er_pSMAD2_3,169Tm_EPHB2,170Er_pMEK1_2_S221,171Yb_SOX9_5,172Yb_cCaspase 8_D387,173Yb_Cyclin B1_2,174Yb_Clusterin_1,175Lu_Survivin_2,176Yb_FABP2,191Ir_DNA 1,193Ir_DNA 2,194Pt_Cisplatin,209Bi_DiMeHH3_K4,89Y_pHH3_S28
B1,1,WNT-0,WNT,0,EGF-0,EGF,0,1,WNT-0_EGF-0,WNT-0_EGF-0_1,WNT-0,0,EGF-0,0,-,-,-0.04979350585753543,-0.0908028407144705,-0.14894526767218186,-0.025954873882952374,0.06002971855582743,-0.06764409778308564,-0.029271125989138898,-0.03561148434141478,-0.046257486616391896,-0.08860210167212754,-0.09678510002860408,-0.05437184967823742,-0.033502712593902265,-0.047729239190699706,-0.035550024319695596,-0.03541235334120539,-0.12315850609318582,-0.10597580439865897,-0.07604505674055034,-0.05216577742161228,-0.05337113163419532,0.036118811288464274,-0.031202834133753406,-0.09420063556948247,-0.07470159571507705,-0.1025150565404126,-0.06248985179368975,-0.11938454455547787,-0.10159203054709087,-0.06820028793377751,-0.06542519399320308,-0.10285433689870496,-0.046233919087257526,-0.09464888212304216,-0.19127959948195905,-0.031789759756356104,-0.058680564129883116,-0.04730363135325412,-0.0460995421844542,-0.14331716477616296,-0.11840769724414316,0.017209928443787853
B1,2,WNT-0,WNT,0,EGF-0,EGF,0,2,WNT-0_EGF-0,WNT-0_EGF-0_2,WNT-0,0,EGF-0,0,-,-,-0.06860080849750987,0.10856151309594805,-0.03262083631155446,-0.0436769592192381,0.1019245819194437,0.03953364970150873,0.04294688541381603,0.030069076200642954,-0.0283845430881372,0.04373005198264687,0.05989208448415281,0.059891950626392014,0.032635570761922195,0.057500336191163355,0.03689435679860155,0.044253030927718,-0.034914820625248574,0.08269128936000372,0.07043286801548534,0.05403637097227255,0.03930414455000562,0.04814961676362346,0.0909893387340065,0.0294715237085854,0.10799939213148578,0.04054379749290572,-0.023201551911013456,0.07058532627239089,0.05341986287273249,0.028556894802074614,0.022303377665750468,0.0711205184475949,0.03494061428397137,0.11208722508309049,0.06185040147455526,0.023246120529858784,0.07391929340370931,0.053631865560240764,0.05560682109342782,0.12884739863206215,0.09875288402024017,0.015404320965038187
B1,3,WNT-0,WNT,0,EGF-0,EGF,0,3,WNT-0_EGF-0,WNT-0_EGF-0_3,WNT-0,0,EGF-0,0,-,-,0.0836769523510614,-0.03369962047139997,0.16018386776176974,0.061954164234161994,-0.07793988372273593,0.05318643254256694,-0.03141536486615408,0.018251938711656947,0.07111856770173179,0.05520065423197638,0.06605022120019297,0.03231338077648879,0.05116506604007946,0.03530711762586021,0.05899344316076435,0.024826426303439515,0.14337568105809878,0.052679607777974244,0.05203541040183161,0.03911775201740275,0.05175605642821351,-0.022338072444872084,-0.07106049969326758,0.09249045330956063,-0.046825296526511614,0.07761796977670998,0.059125728116400024,0.07005526993681199,0.06507512126057108,0.05008123865705205,0.06366926378652232,0.06213916096182032,0.06279335749942003,-0.027717534840783712,0.1786834251578937,0.020711979082481707,0.0678169441052896,0.04477705651254914,0.0438714363326371,0.053291430771208556,0.07011553791560515,0.010987593828634684
B1,7,WNT-100,WNT,100,EGF-0,EGF,0,1,WNT-100_EGF-0,WNT-100_EGF-0_1,WNT-100,100,EGF-0,0,-,0.0,0.19027193460020986,-0.24611984567679068,-0.7011436141410625,-0.1070210577209635,-0.17258666055603789,-0.452335999000314,0.15763986618629455,-0.12741191192901857,-0.16362305399904586,-0.2137082870928916,-0.4083326544381205,-0.2671733920182667,-0.36826677732310015,-0.3793408347193247,-0.20462010951654044,-0.2744437502901728,-0.4098187503112002,-0.3255303602380284,-0.4095463922163187,-0.2555527799799448,-0.4135400507383129,-0.35230654260908634,-0.5773000145993695,-0.5171774328962979,-0.5547962325795258,-0.22138367193537248,-0.04930394540018025,-0.3944658221801696,-0.22931758794312063,-0.08759991857283078,-0.2355703863046157,-0.29880981602978873,-0.10355162101670973,-0.4394501599264674,0.6671261709552856,-0.20492109312764847,-0.3747587414738271,-0.04094301257807554,-0.03976335755835666,-0.6395078434184407,-0.5984217941427579,0.06509438980800938
B1,8,WNT-100,WNT,100,EGF-0,EGF,0,2,WNT-100_EGF-0,WNT-100_EGF-0_2,WNT-100,100,EGF-0,0,-,0.0,0.23047610371756022,-0.25111288147625066,-0.5438063360991137,-0.06364034271000836,-0.2932780223254527,-0.543146400948078,0.04244728610591737,-0.13308256120924306,-0.18634290681363735,-0.29328664468374877,-0.44993483755219416,-0.2604977129207425,-0.36964568133124653,-0.25325096989297513,-0.24003559980152195,-0.31874207937902677,-0.4850129060003755,-0.41258074985970944,-0.4093830142545993,-0.3133513625932533,-0.5233372099569712,-0.42128639417742086,-0.4205763748265027,-0.5112126225312799,-0.4945905983785126,-0.18703400876329995,-0.07479864952517548,-0.42054126475786474,-0.21592791265585148,-0.0901800076547476,-0.2446789663230331,-0.2959729318749206,-0.10673768976855008,-0.43305974041486595,0.6774989854277982,-0.18442445224442658,-0.4472933588429373,-0.07988245050750897,-0.07664894680298491,-0.4822394284190358,-0.5891281190800819,0.054426929031151955
B1,9,WNT-100,WNT,100,EGF-0,EGF,0,3,WNT-100_EGF-0,WNT-100_EGF-0_3,WNT-100,100,EGF-0,0,-,0.0,0.1011784548991381,-0.3266223153528334,-0.8220159966411495,-0.18082080449944993,-0.3634628284356258,-0.5217020921399185,0.10827166863631943,-0.18888393518289612,-0.2006443797019983,-0.3258954183589396,-0.5020870518034356,-0.3535531607831296,-0.4638139282893179,-0.32151877818016766,-0.2933796762487628,-0.29083365168171327,-0.5444482907783234,-0.42769228515933494,-0.3845804694671614,-0.33365983351219697,-0.49238138832670697,-0.42300492790884925,-0.5984420113107018,-0.6364289578724173,-0.6212910431864369,-0.2619238148504421,-0.19137129803191957,-0.49075153228801305,-0.33979094867536297,-0.07966889323414285,-0.31609933030646914,-0.3892400670242023,-0.10706734031119837,-0.46335428398713585,0.5351388702887423,-0.22106951016074866,-0.4692319400700916,-0.15001602254179314,-0.14095387835606996,-0.6065052796996567,-0.7339427320000425,0.09059063029274589
B1,31,WNT-100,WNT,100,EGF-40,EGF,40,1,WNT-100_EGF-40,WNT-100_EGF-40_1,WNT-100,100,EGF-40,40,2.5,0.4,0.4402239420248076,-0.3543494500384624,-0.12810949727722043,0.0743579726569793,0.14867137557809584,0.1818901793324491,0.09076666985088849,0.037386295226440804,0.10253880659516619,0.06931766961730187,0.0923812680068864,0.23466323416428322,0.18684466298629243,0.26735285565568295,0.1228128168152757,0.09515872609637663,0.1223691001954165,0.057733990414939027,0.18193247290357187,0.131311163463516,0.11053754084300371,0.16310077976168963,0.05499726335362533,0.06620472552976106,0.22318558629688412,0.07613554209649626,0.04947218061145536,0.12908738049588991,-0.08344992192868908,0.25495418331369923,-0.04559834824016008,0.1148070241620367,0.09572190128546632,-0.17856977682083394,0.1650078266404609,0.03043007675139765,0.23000418400766204,-0.059634883316437445,-0.05549169438145252,-0.43859967587987353,-0.19042008167225696,0.011720585242140242
B1,32,WNT-100,WNT,100,EGF-40,EGF,40,2,WNT-100_EGF-40,WNT-100_EGF-40_2,WNT-100,100,EGF-40,40,2.5,0.4,0.7335108845736521,-0.39958906025925467,0.31775401536618086,0.08847226405862635,0.34404569620473113,0.49946436089233287,-0.10847600849841646,0.06409434990246271,0.2859939057284411,0.16499008346273858,0.2653567530726867,0.6145947598702988,0.530897806535056,0.6913213841362496,0.3622353032187061,0.20452297947155665,0.29104957223031347,0.25504434706177403,0.566636287477102,0.36744830179091764,0.3810501145007989,0.3451042388241742,0.4378277711650472,0.313593687001511,0.6704142178136635,0.1671234251749733,0.11616650760511313,0.29175954565789697,0.1034040202918256,0.5303783439414999,0.13579499140365553,0.3835236792825488,0.1336951751255582,0.2592110938851888,0.48312705147363266,0.18877340772861934,0.3064536181807562,0.091806016049079,0.09297214507251031,-0.16069697479053538,0.4939318561034285,0.05249041395126891
B1,33,WNT-100,WNT,100,EGF-40,EGF,40,3,WNT-100_EGF-40,WNT-100_EGF-40_3,WNT-100,100,EGF-40,40,2.5,0.4,0.5970181998051555,-0.4430103090780282,0.2541706964909499,0.07511483506788577,-0.2289091135943274,0.1830597802143148,-0.18357282785918405,-0.052988572364376714,0.062337864132335795,0.06992706146596425,0.10367577491834157,0.1707486979483177,0.1417921969003034,0.20894874089262686,0.1054796440120614,0.12694316811005085,0.14773806043526777,0.08588366913797363,0.23366804234067812,0.0995119651885672,0.12684346370385197,0.19516984623275888,0.12239058691966344,0.15452926576649537,0.169553916012065,0.10797500982274987,0.05715053322182369,0.13007344488217154,-0.058888526361209274,0.25184113018277776,0.0674069415129713,0.12475977406463541,0.042755826229832546,0.10529345511376309,0.48014219232856475,0.051233958745654694,0.30702898978507437,-0.07048717403239517,-0.06679460925780717,-0.3496227771901375,0.14438373251118253,0.051191421349482
B1,34,WNT-100,WNT,100,EGF-25,EGF,25,1,WNT-100_EGF-25,WNT-100_EGF-25_1,WNT-100,100,EGF-25,25,4.0,0.25,0.563456428027497,-0.3100519385205409,0.29332210590894536,0.11237927208448321,0.07548017900560966,0.3093623905698006,-0.13682198998141082,0.059764590658492184,0.1533868236867355,0.10192132796046832,0.16071621793895233,0.28267456350005266,0.193616695444215,0.37758691555934837,0.1335293233115158,0.1564060989658407,0.24095778378260552,0.1630481910035118,0.3891790020131286,0.22096962733601047,0.20475665574922025,0.2417269311939515,0.1342251605199347,0.206107325003809,0.3803532425250016,0.12833305441936016,0.11239592707788729,0.1796507778440742,0.050913187699096016,0.2897781050812482,0.12548307555758823,0.21000158499168026,0.09225846928647177,0.21863044928602063,0.606175569700067,0.07365557645976625,0.30361411928645043,-0.08553435435460857,-0.08385957427975403,0.052747347499191924,0.23519840594124702,0.048223069362769856
B1,35,WNT-100,WNT,100,EGF-25,EGF,25,2,WNT-100_EGF-25,WNT-100_EGF-25_2,WNT-100,100,EGF-25,25,4.0,0.25,0.6082534273378144,-0.5142377619989598,0.18595562637032015,0.08333181418213342,0.16821276863153448,0.23522026745192207,-0.14982151525996612,-0.040924373665875244,0.10406620127943156,0.07767257840717881,0.09364492986042637,0.23320935270420973,0.14919397324164463,0.2993809626491424,0.11541261133213293,0.11643831031702788,0.13265486206993368,0.08732899146831524,0.2785345857771274,0.13614144895865182,0.1388569095760912,0.21593113829488486,0.13127330342908414,0.12014686635137015,0.20295593641558166,0.1119983171815635,-0.05615817111065641,0.14959326123706362,0.058158707595016006,0.2667805121890166,0.04944542215779078,0.18318797048610883,0.02578959401447936,0.09792483791407225,0.5119728853712975,0.06478610100650144,0.2668358183966298,-0.07634565083773075,-0.07556800074362943,-0.3166700166564833,0.16317988339088196,0.013906252620350845
B1,36,WNT-100,WNT,100,EGF-25,EGF,25,3,WNT-100_EGF-25,WNT-100_EGF-25_3,WNT-100,100,EGF-25,25,4.0,0.25,0.45211072305935357,-0.4384992093987032,-0.2018624472023994,0.06970412313618529,-0.23010977000879018,0.13987712118773632,-0.1870433287805503,-0.1038148340974995,0.030106635631651647,0.0699454204103385,-0.12262667814605827,0.08503736315509126,0.07769766091404755,0.10656924191691904,0.04903280772222232,0.0764824825614002,0.07311657454774995,0.08966631401231219,0.1265667717747643,0.08062494430144106,0.12090841459426516,0.1671302551705941,0.05990871235398456,0.08420538861424036,0.1114356135653252,-0.1298298449548614,-0.04643878464343264,0.11249379489193415,-0.11374299206938135,0.13507983590456038,-0.10349276271198915,0.08670425551049085,-0.07186475088448499,-0.11486086205349312,0.39475210199863764,0.02162303108887459,0.309486987451646,-0.08915478641398236,-0.08781065542839221,0.1325833886431189,-0.11128312709838536,0.055968467217461695
B1,37,WNT-100,WNT,100,EGF-10,EGF,10,1,WNT-100_EGF-10,WNT-100_EGF-10_1,WNT-100,100,EGF-10,10,10.0,0.1,0.372430331952009,-0.3292578232816964,-0.5391455720908347,-0.09887760670405535,0.17750919177890007,-0.2124062354220056,0.12177030840210766,-0.10385905893017154,-0.08867024118792365,-0.1883489239924898,-0.30758117994117523,-0.10122495970804024,-0.20054310376566292,-0.1839418781354422,-0.14739011461217724,-0.12791333836659372,-0.21894095795260315,-0.2490394675847158,-0.15236246196932113,-0.1322112378670781,-0.2711575832163105,-0.16418420720737012,-0.4611673644692452,-0.384255440590875,-0.43676915404756,-0.17711751997258218,-0.13371389901911326,-0.30862307021012025,-0.19859827674960379,-0.09827924587765277,-0.14710400623095074,-0.15009471002410663,-0.06783546960276239,-0.3165925418998704,0.4710025206575575,-0.11358266599612642,-0.31607077804326883,-0.10036346719151179,-0.0992660181210336,-0.5812486093041406,-0.5435089399982992,0.03284013147613169
B1,38,WNT-100,WNT,100,EGF-10,EGF,10,2,WNT-100_EGF-10,WNT-100_EGF-10_2,WNT-100,100,EGF-10,10,10.0,0.1,0.37524119203882084,-0.42595517305171304,-0.2838630488120445,0.05236962129424563,-0.1353247130423053,-0.299668448811444,-0.2033860440947231,-0.09412483547347462,0.0474619005167683,-0.20028102107508047,-0.3389672413562236,-0.09412374229811195,-0.20792983335582502,-0.10500666971080891,-0.10351891612366088,-0.19240824751296096,-0.2564632016469817,-0.25073666529348027,-0.12278170439605714,-0.10885498073664931,-0.26117110261557164,-0.26709392682665944,-0.296308782288612,-0.29109844897371256,-0.2707525611844359,-0.14304389596917,-0.10112434725662948,-0.3300980494255757,-0.21351894455587594,0.08905969819493699,-0.19210208848404906,-0.14237953073011053,-0.116566500657346,-0.2514230244970152,0.5267244144565375,-0.13150003989097137,-0.3400892849680045,-0.14143573676257826,-0.1351188608597341,-0.626626932836783,-0.38760136288750663,0.031119892764174945
B1,39,WNT-100,WNT,100,EGF-10,EGF,10,3,WNT-100_EGF-10,WNT-100_EGF-10_3,WNT-100,100,EGF-10,10,10.0,0.1,0.3424198172400333,-0.2583626823498395,-0.16565100398611227,-0.08838663397809197,-0.09803396863861151,-0.2693974640165119,-0.12527419726165057,-0.08176791775451123,0.0372562267315251,-0.10207154225304106,-0.3394906612788287,-0.19278653402153234,-0.20201189777557688,-0.18301447307473143,-0.14575890025247581,-0.20466079091725842,-0.15269025314857188,-0.21362534804580632,-0.18334397589791246,-0.09363202038323175,-0.25629795205325834,-0.27315352734581533,-0.2183040339331117,-0.29848024053042954,-0.23665577090362977,0.07252197324923151,0.02577224724681599,-0.2745182088215621,-0.1318102962568064,0.12908428587072926,-0.10667103760144714,-0.15961369651424578,-0.08875409987906621,-0.18417646701931012,0.7099162879862074,-0.10644706262370524,-0.3239262024644975,-0.02857541792133838,0.03397555066935378,-0.08587501329470801,-0.35555064933055575,0.03495332450231391
B1,40,WNT-50,WNT,50,EGF-0,EGF,0,1,WNT-50_EGF-0,WNT-50_EGF-0_1,WNT-50,50,EGF-0,0,-,0.0,0.1487553562408344,-0.2284477024250046,-0.3992320190293671,-0.14898915377878286,-0.13498839152083822,-0.4589137059397212,-0.07944503182664187,-0.12211881001416887,-0.18612989219931222,-0.21362499808852756,-0.3870600348121928,-0.2708474891044038,-0.35426313990180563,-0.3103360636966115,-0.23049225096703319,-0.2521980468565064,-0.26639385722521686,-0.32526303539320905,-0.3319788126319588,-0.2779089979383496,-0.44345156609391156,-0.33989833500652694,-0.41735095814825157,-0.40465649252614383,-0.4865535766824701,-0.217436835187252,-0.09061630951562175,-0.41321884919776664,-0.2347155569372268,-0.08658291678691964,-0.23067256620935805,-0.26053456704762307,-0.1011592917095813,-0.20325091706709209,0.496194951943473,-0.18244929492699247,-0.41108474646997784,-0.0945788667567955,-0.08954996495047973,-0.2828610272579744,-0.4454650758063051,0.0688639918345145
B1,41,WNT-50,WNT,50,EGF-0,EGF,0,2,WNT-50_EGF-0,WNT-50_EGF-0_2,WNT-50,50,EGF-0,0,-,0.0,-0.08890204380096596,-0.35092216168795926,-0.7364327602514996,0.02764359470742936,-0.2819126085002769,-0.2892874186066745,0.13031884605787014,-0.1141286256750356,-0.18300307039832012,-0.23839967690736913,-0.4176776647450217,-0.23895447234476247,-0.3130901356822814,-0.32740466173385324,-0.1755486759625119,-0.16329872454366087,-0.4649145910071542,-0.3580691083886886,-0.3243661858864272,-0.20753092955058694,-0.39675597294215503,-0.17777487183504886,-0.5979965483657714,-0.5179938021046029,-0.6025997239914826,-0.3071925671961615,-0.17078257927863474,-0.40097858800144914,-0.2931021602511921,-0.17417618351690528,-0.2656849588807537,-0.3294832826670124,-0.08805832241273276,-0.5339531878473411,0.1908319314239147,-0.20187709479914315,-0.17037331350702312,-0.12083378596555505,-0.11294299224287958,-0.44412333989262953,-0.4688210452545638,0.06938048101335653
B1,42,WNT-50,WNT,50,EGF-0,EGF,0,3,WNT-50_EGF-0,WNT-50_EGF-0_3,WNT-50,50,EGF-0,0,-,0.0,0.2813333941731955,-0.206823810079274,-0.11383456554504856,0.09592380129843055,-0.1980789295374371,-0.23259715852781548,-0.10215701441040767,-0.08592314178711241,0.058275263105745316,0.11263738221573272,-0.1678174589025417,-0.07112819480948927,-0.16586596630526237,-0.12682631523840493,-0.11571750262969636,-0.21739995695483197,0.1284417452562799,-0.17249673936667692,-0.12110293151294006,-0.19256100639233442,-0.20012209825920407,-0.24657787914920948,-0.1863369217430382,-0.1554817240646912,-0.19418054568325188,-0.08309567381170996,0.07702583363034715,-0.1636580965031532,-0.10957643665919446,0.05454972407220418,-0.11232223900423606,-0.11839670258757343,0.08229453624970534,-0.21750265921802653,0.6920036983202998,-0.09552770338116501,0.31859068926719525,0.09477080641279695,0.09113450571364998,-0.23675046411421058,-0.20851149515237105,0.0540773189593016
B1,43,WNT-20,WNT,20,EGF-0,EGF,0,1,WNT-20_EGF-0,WNT-20_EGF-0_1,WNT-20,20,EGF-0,0,-,0.0,-0.07501762431686365,-0.21556657710787278,-0.4154887649732921,-0.10085075580888607,-0.24136555882962962,-0.20126518488446127,0.04144418901670418,-0.10948188962616288,-0.11634270671241086,-0.10718183600154671,-0.249068199774522,-0.16476104514313458,-0.19553047704570486,-0.2312462266952811,-0.14453371537697668,-0.1236840779351628,-0.09405160731225204,-0.23548987452945208,-0.1847256953369104,-0.13365555913609106,-0.265196174739178,-0.1257330150782612,-0.4037616800580367,-0.2563097100046625,-0.37216616566378347,-0.2237341323043251,-0.09265265530981083,-0.2322066383337355,-0.1973325279365269,-0.10322435514556486,-0.15758193192883838,-0.19265432276445132,-0.0754289970169737,-0.2962044762948909,-0.06225553115217734,-0.14693896787082222,-0.26066208133172264,-0.20764179515603748,-0.19882065064499066,-0.11383600918050277,-0.4303715402500865,0.040846222714591866
B1,44,WNT-20,WNT,20,EGF-0,EGF,0,2,WNT-20_EGF-0,WNT-20_EGF-0_2,WNT-20,20,EGF-0,0,-,0.0,0.26950098365656994,0.05525445328742434,0.12779965517846745,0.06342496988710142,-0.18881167205983057,0.1681155170630545,0.14532286415393283,0.07116192358195565,0.08546053766852722,0.08864988886986776,0.09170953810086924,0.14777288257797636,0.11243357072470808,0.1614318088335584,0.06234226291926933,0.10258132310140569,0.17281734658163833,0.09854730798630329,0.1982475590916502,0.10785306094311414,0.11640093674888413,0.1486570893307765,-0.09292291414207232,0.13730089431284637,0.16207649425734894,0.08584656456214917,0.08700785695239725,0.1477761012758719,0.08623361361085555,0.10323087297694705,0.0835139554554097,0.12122890430981435,0.09271431127808993,0.1132739145094426,0.6248650772884201,0.048936075358026174,0.2580442327930023,0.05725469920090587,0.0523781205117239,0.08302959902387458,0.11779938318051757,0.02551694414846681
B1,45,WNT-20,WNT,20,EGF-0,EGF,0,3,WNT-20_EGF-0,WNT-20_EGF-0_3,WNT-20,20,EGF-0,0,-,0.0,0.23629355937638125,0.07785768394878098,-0.12069755749783057,-0.06252098757803352,-0.20583819504532136,-0.09652824934270166,-0.10305845373492495,-0.07727529526373636,-0.03328973707309999,0.08663729368176767,-0.10629992930585364,0.08859174238280143,-0.03687198003901119,0.08272714594250291,-0.06089131458814308,-0.13217180367860024,0.06716775699339363,0.08766125263702318,-0.07030924487394892,0.10193980144151434,0.05696467689654452,0.14528954232941332,0.07145453613718294,-0.12078847349464343,0.09538788085282861,0.0693964189439207,0.06074622646693501,0.09043766269855243,-0.09659061011409481,0.05009997657271403,-0.0812692775055241,0.06805131300161772,0.0683499482113819,0.0824065406385728,0.5298541980373521,-0.09228158775707226,-0.27907199638360686,-0.07638546380350891,-0.0728106840146934,-0.06952645423624379,-0.16329279090799134,0.0454252414933512
B1,46,WNT-10,WNT,10,EGF-0,EGF,0,1,WNT-10_EGF-0,WNT-10_EGF-0_1,WNT-10,10,EGF-0,0,-,0.0,0.33753556793871686,0.09028496728753489,0.10958478544294481,0.2005459795824579,-0.1782583430906008,0.15447187807777477,-0.09075173351087334,0.07366847169612467,0.062412174754297445,0.09682425666200138,0.10453695184355385,0.14505685204114424,0.10916062776956019,0.0901860716885753,0.0859166607334905,0.08577468624650464,0.13413855084551363,0.06476050150547054,0.1206431221052839,0.0984265627776806,0.09129849930089266,0.14240923994098215,0.0466353294161445,0.09955227685647243,0.15101369586676205,0.12585283854884216,0.10998145772568002,0.13864876604937984,0.0747375779567366,0.09700661334078663,0.07288265097155872,0.10993412825792193,0.08345775143218635,0.10560914905470051,0.4481397200367265,0.05111580028357767,0.2066193205064856,0.10470970743360691,0.10459055371156159,0.23807613305663528,0.1324877264839091,0.04329869280750775
B1,47,WNT-10,WNT,10,EGF-0,EGF,0,2,WNT-10_EGF-0,WNT-10_EGF-0_2,WNT-10,10,EGF-0,0,-,0.0,0.41272787520753024,-0.12126046207673646,0.34610703901743456,0.1088405597970864,0.41125427027458406,0.31143729219046434,0.12760142589922613,0.1076184051695362,0.14823474373156212,0.1852300695490812,0.284544078295075,0.3079862425993515,0.2295044681004231,0.30972293233687154,0.1802524980682333,0.11053903609851466,0.42615752673226165,0.26849373670201526,0.4691107194649059,0.2045761657577993,0.31031956982422676,0.19032201956111894,0.1117909731408181,0.2919144936420199,0.30624895204539204,0.25966926866988116,0.17608764876955846,0.24973391195996458,0.20902065800315045,0.22306234052646426,0.19177089591359792,0.27699220143074216,0.18800486430884075,0.20034952711792095,0.4081498472004441,0.15815226131183846,0.18785855490055214,0.09950177151823514,0.0957406007513567,0.1065164248287099,0.15261976736649208,0.0236802898507791
B1,48,WNT-10,WNT,10,EGF-0,EGF,0,3,WNT-10_EGF-0,WNT-10_EGF-0_3,WNT-10,10,EGF-0,0,-,0.0,0.09032929311751743,0.06322779770158532,0.06979497282821166,0.036266880377896896,0.08413214099249329,-0.09953289332756826,-0.08331890331883646,-0.06429332181694628,0.033955200695905276,0.07930327788677377,0.07513015642316759,0.11213897225996212,0.05653837830322091,0.09366039197381305,0.03892370195666921,0.06282010992934521,0.06485360062277906,0.05001500416415214,0.08893413608450955,0.09245939250124434,0.07643833460832315,0.09616518318126194,-0.11008983707564093,0.08578550876372039,0.10078779482400502,0.05691948567565018,0.06951955819367514,0.11259049719872646,-0.07162807904426974,0.045689949053105056,0.047284271011380205,0.061069854418575834,-0.062305384309342265,0.04399900546969701,0.2898709705714756,0.03526786298044448,0.21919743050113705,-0.05798317279080463,-0.05484600367414261,-0.0698254679968873,0.0673667142009255,0.03781299922700811
B1,49,EGF-50,EGF,50,WNT-0,WNT,0,1,EGF-50_WNT-0,EGF-50_WNT-0_1,WNT-0,0,EGF-50,50,0.0,-,0.34281775685440025,0.06408883815391064,0.29018994687080196,0.174527182709144,1.2491510998588353,0.9699158196644029,0.20484028088269454,0.1986850792936175,0.3047879145020758,0.40768410981342706,0.6734343687679516,0.903263974920928,0.9691515410829884,1.1253965163724766,0.6303224853689142,0.5338317933915732,0.42925042398418545,0.5909496560200054,1.0371456672394705,0.7121638780749006,0.8448548869953255,0.6786584150265976,1.0328676589276338,0.6331446310165655,1.128611533047093,0.31316776020915144,0.22444684286818606,0.6672679921751572,0.23606130459615837,0.25846240030425793,0.3294052856763857,0.7137713461472625,0.26633605304760266,0.6278071782090534,-0.5210211494242771,0.5187094513314519,0.2848333365558493,0.13758426737803325,0.13653901868811727,0.39691317754268224,0.9752602073155419,0.143241839157845
B1,50,EGF-50,EGF,50,WNT-0,WNT,0,2,EGF-50_WNT-0,EGF-50_WNT-0_2,WNT-0,0,EGF-50,50,0.0,-,0.13194812875903106,0.10419544863493192,-0.18053051485856958,0.3798715018110266,0.2642533592367593,0.5975965791848024,0.29442150735212175,0.09700749101097964,0.33047375655228595,0.277872775819058,0.24272290939904712,0.42457770174817094,0.7564388940688758,0.6133479941212107,0.4010317449820955,0.4864366895099367,0.13228103340220787,0.22021605502154412,0.6363960216169546,0.42691061015003984,0.4916801924246364,0.5337756301733501,0.2954494395617818,0.25328921941415405,0.5582945924370895,0.1342051128538487,0.12831495805629672,0.2922917303474276,0.07167970407953417,0.1820452942950704,0.14021668544027982,0.30163656940129224,0.25870888511237455,0.1765306656043742,-0.8923433161883224,0.28100171367543025,0.589325690466751,0.11160943426014791,0.1086315606532021,0.21552199611189393,0.38979432952878695,0.07807875672663156
B1,51,EGF-50,EGF,50,WNT-0,WNT,0,3,EGF-50_WNT-0,EGF-50_WNT-0_3,WNT-0,0,EGF-50,50,0.0,-,0.3076437994972019,0.05566866268616714,0.3245475129779201,0.1551005556300588,0.43187756759017326,0.6839853731362684,0.13116215216956156,0.07243597496627191,0.23692389193316168,0.32219006786380006,0.42585619202525415,0.5709779835699627,0.8511080853565176,0.7679892107162472,0.45602219662154364,0.4363219692312395,0.36918706262182077,0.3535961410037913,0.7123146289572653,0.4879971835239353,0.6537657379539626,0.5454540592268015,0.7490511597059294,0.48890687683058676,0.8249751682179034,0.20112979973506012,0.14191551497926624,0.42760595916088284,0.09246555937027025,0.24757696054479172,0.2033852743510729,0.43495347076042207,0.1936290111457722,0.4636658609928693,-0.5464369514711762,0.34287252055294337,0.21567740342547548,0.07626226110912059,0.07307487769275206,0.2719232429692165,0.6452988927553025,0.1164125997264357
B1,55,EGF-50,EGF,50,WNT-50,WNT,50,1,EGF-50_WNT-50,EGF-50_WNT-50_1,WNT-50,50,EGF-50,50,1.0,1.0,0.7978345549342277,-0.2687598052525407,0.4002126673551508,0.21081241935723588,0.4367059520814471,0.5700927744812668,0.1380878106329769,0.07862282770306249,0.27115194312651925,0.21363800410475525,0.3996459797428662,0.6455574082415803,0.6866789381769636,0.779813968606867,0.44074819290738265,0.29637548687053694,0.36560292217402174,0.3389994773968832,0.7505748884849697,0.47220907000207885,0.48080079411350224,0.40291709576014223,0.7028727482619851,0.48107182710528906,0.7970887040486835,0.2313778564400356,0.20686869085425696,0.33561415983052845,0.10005418031474421,0.4340410723996557,0.17844086481288662,0.48640250249111683,0.18162942313037744,0.3932510567282058,0.30369331095681695,0.3265844617084053,0.28277095774229455,0.09391928437034017,0.09435496169969634,0.26620087471634557,0.6454170390757699,0.10455435973998675
B1,56,EGF-50,EGF,50,WNT-50,WNT,50,2,EGF-50_WNT-50,EGF-50_WNT-50_2,WNT-50,50,EGF-50,50,1.0,1.0,0.5963852907347538,-0.519543217438994,0.17857452658679251,0.06352545444864036,-0.26503966110988764,0.23195191966021678,-0.19049694273321377,-0.0773039684673014,0.055044093753558176,0.05386062891794298,0.11261528206114614,0.23866090764997483,0.17736689847338177,0.29421505159125355,0.12544919306969207,0.09547757574327084,0.17441523297565054,0.11279258040083959,0.2898522631053945,0.18283469013971435,0.1627807542138767,0.21711871228138233,0.15268672741672873,0.15677894653591679,0.2334629646034662,-0.07352391150558263,0.09799179768567595,0.15971567014487592,-0.08229877766413346,0.18203954112575543,0.07102442794769329,0.1766734270569606,-0.06406950433145664,-0.17564387883520835,0.4034109344013967,0.04911878967986135,0.31195436938243354,-0.08256248010468553,-0.08203611871373781,-0.05457450529598973,0.21810338286613762,0.058603684755449706
B1,57,EGF-50,EGF,50,WNT-50,WNT,50,3,EGF-50_WNT-50,EGF-50_WNT-50_3,WNT-50,50,EGF-50,50,1.0,1.0,0.6713779307057324,-0.4024316005403838,0.29086035788002434,0.19658643037536622,1.0016879005453205,0.749639122696158,0.1823659857615259,0.18938534946774788,0.2623181746854001,0.2369467829057495,0.578716155966778,0.8027718213719761,0.7672992928135394,0.8661720531700823,0.4846292385159944,0.31990048927032416,0.33157551509856226,0.4027758063503425,0.7484385489982482,0.5447255742515269,0.6497634953905882,0.4215085952007635,0.7669696591617841,0.440509949564845,0.8944849167022155,0.2077367778124217,0.16586968153438442,0.5285171429102323,0.1647167497605743,0.397100580250942,0.23748389648380167,0.6057939907558749,0.25510180618639083,0.4291927299021796,0.13053343540758477,0.3674785002265697,0.23161389348745734,0.09573534821975202,0.10069705641849061,-0.10734312252746173,0.7847592573968539,0.12120532796203293
B1,58,EGF-50,EGF,50,WNT-20,WNT,20,1,EGF-50_WNT-20,EGF-50_WNT-20_1,WNT-20,20,EGF-50,50,0.4,2.5,0.5021508689954759,-0.15570851306012443,0.176722272691968,0.16132744634342144,0.7994527031491219,0.7475962930375775,0.184545895250959,0.15261761822730316,0.250740385682181,0.2362830322512839,0.4306689648825515,0.4906895168642449,0.5978335367850296,0.7207342754054655,0.445618226356279,0.4101179883171917,0.27810541409902545,0.3755831004816273,0.7545976793150762,0.5875922926989356,0.6322920492688195,0.5433376026611106,0.5509821240020978,0.46176455816698736,0.622002647943911,0.1663780078946216,0.15208055382413888,0.43527012271497145,0.11568964583059171,0.21816074383749692,0.16900102303159165,0.42812344389900897,0.24545199223040254,0.3701788872977827,-0.2600586110777246,0.2947540383029064,0.23366735206673842,0.05630840465668781,0.05979310295353368,0.21311480655966944,0.4887454214870902,0.09664199954765784
B1,59,EGF-50,EGF,50,WNT-20,WNT,20,2,EGF-50_WNT-20,EGF-50_WNT-20_2,WNT-20,20,EGF-50,50,0.4,2.5,0.5485217491979059,-0.16779259644823505,0.29256226825592724,0.19686029805188154,0.8314523918095339,0.6145957531551858,0.10683554710424217,0.12978830319991638,0.2503191913270812,0.26414422659194536,0.43993396815439784,0.5329678374197699,0.5656674009390341,0.6704841680830144,0.3982056009163082,0.3812992884370503,0.3725250225017084,0.4057746647159035,0.6505096572849796,0.4973474146209923,0.42230558082082414,0.31155955850180866,0.559675520795343,0.4500783887152785,0.6088931101915576,0.25567294413042774,0.16757753571652217,0.3386578828399931,0.192842824538503,0.3198112741698087,0.17922099534560693,0.5080954665121727,0.1411473601907444,0.35220905366656474,0.21608655832014484,0.324256450261186,0.14749030122875573,0.15405379256370888,0.15344965864564397,0.23106257740141528,0.6723272959466287,0.10702698280267042
B1,60,EGF-50,EGF,50,WNT-20,WNT,20,3,EGF-50_WNT-20,EGF-50_WNT-20_3,WNT-20,20,EGF-50,50,0.4,2.5,0.46936624124098925,-0.15768455371750667,0.3478491532619661,0.1199120610793304,0.5834552761111056,0.6650979848393033,0.15820566954117682,0.10668170600813684,0.2254074337325784,0.23109233990307423,0.5246010382943385,0.6720521856176735,0.7777111909484618,0.8604917632585309,0.439819177268356,0.35471718986556994,0.4207939489810998,0.39317364423622336,0.787700206664709,0.5075489607066144,0.5895009311272164,0.49327600988436693,0.7835038286933276,0.5423613418849267,0.8021097342855145,0.21930200656823165,0.19631998144502352,0.4411319641961078,0.12668088302137834,0.29330251267524876,0.18236730467002601,0.4955485954155274,0.15572665894419652,0.436820249617883,-0.23609828605747124,0.3238571878384055,0.2030145860328717,0.08900961947990098,0.09138462891902602,0.21830579314603094,0.7312385825629779,0.1000968037628092
B1,61,EGF-50,EGF,50,WNT-10,WNT,10,1,EGF-50_WNT-10,EGF-50_WNT-10_1,WNT-10,10,EGF-50,50,0.2,5.0,0.5472541484711826,-0.23549646829526902,0.3945058447570279,0.21671117693625042,1.0801187632770972,0.9556290911873333,0.18096328640333545,0.20086627562419157,0.3112881744719297,0.3143128682660147,0.6435789068521907,0.7885020894940589,0.8829855195097389,1.0531669509678565,0.6003691799475349,0.4241876242932308,0.43877810013449003,0.5541246035642892,1.002596666291648,0.6537712693640436,0.8059742944289451,0.5828054157077984,1.033504949830109,0.630012139533555,1.0809525463553982,0.3020758600161067,0.18248814319134993,0.5943839239638453,0.2370796734753422,0.4186731128661579,0.2833992418383141,0.7198051975426721,0.268441609901344,0.5708482301823954,-0.2149010659810312,0.49539175952175185,0.3090047507115362,0.090221920549489,0.0913609490893457,0.39002555939875827,0.9475640667069553,0.1754619511788395
B1,62,EGF-50,EGF,50,WNT-10,WNT,10,2,EGF-50_WNT-10,EGF-50_WNT-10_2,WNT-10,10,EGF-50,50,0.2,5.0,0.3770515683581952,-0.074166446363896,0.20665232709002973,0.10650549952011226,1.0165719236842437,0.6587866324853919,0.0870081617333162,0.1382424508261045,0.25565053935048476,0.26248159377625396,0.41331389417516484,0.5514747903571903,0.6568477167118931,0.8083385069039251,0.4542016556066875,0.4118703091868984,0.3451273283185705,0.4029508647261941,0.7876159286510196,0.5743348973279613,0.5933811534515422,0.42286865275937846,0.8592521366411997,0.4870608004263377,0.7495384432068125,0.19216316224465402,0.18519908996923706,0.39720250141335217,0.15189280658178284,0.3454316396639661,0.22950697001271086,0.5273033719238607,0.20480880944699348,0.45131077668241737,-0.23761613343362797,0.38357938710397016,0.19749724660272533,0.10125734599983902,0.10274945643622449,0.16533887937386635,0.6621629753990983,0.16477429391383996
B1,63,EGF-50,EGF,50,WNT-10,WNT,10,3,EGF-50_WNT-10,EGF-50_WNT-10_3,WNT-10,10,EGF-50,50,0.2,5.0,0.46212724176264564,0.07304336009165001,0.29748876184204165,0.07926803242319683,0.9034092174857641,0.6486348581220491,0.12195671224547122,0.15586825490648976,0.21769180556371068,0.32339652316207484,0.4660207242166605,0.5921898332054999,0.6087520018449694,0.7786168464827902,0.507663653089524,0.3824584810329822,0.39252068310118493,0.43527846944584303,0.7683399362358324,0.5829088493697319,0.5834878940857395,0.3945120314731268,0.7598707322121949,0.4504913622187199,0.7438234649937361,0.24030644438242213,0.1544825587070377,0.36817949281396545,0.15265053477093382,0.26469561890646126,0.2178438172041381,0.5153808528607393,0.19526211676179805,0.4061775182855235,-0.2191662477399347,0.3858544262379703,0.19929539291293613,0.0642595279434009,0.0634143822292909,0.1725001036886662,0.6463359862796261,0.20249565373425407
B1,64,EGF-40,EGF,40,WNT-0,WNT,0,1,EGF-40_WNT-0,EGF-40_WNT-0_1,WNT-0,0,EGF-40,40,0.0,-,0.3071880584196205,0.2931932590085726,0.40896987217596115,0.3193955016195601,0.7676431861649919,0.8280367017384285,0.2760069930518281,0.22155182216329988,0.4036550295093097,0.3940929130844511,0.5261928819904131,0.625260319132641,0.860772322234501,0.769819389039561,0.5202906192643695,0.5078398735055559,0.4136893379123987,0.4683679444166788,0.7812378751746503,0.5454900993545463,0.6972274981314897,0.6926121837351438,0.5979851655429601,0.526109927785646,0.8022361479834026,0.3872162361023002,0.25531981015117433,0.5741223087856724,0.2851585973677926,0.23911160770198997,0.33106241059955593,0.4692668017903992,0.33587701523211544,0.6478772897368039,-0.449216892580328,0.3937620041628222,0.49656962145758177,0.16132796352358655,0.16391556844143684,0.3108244074746061,0.6759764033840439,0.15415024649388692
B1,65,EGF-40,EGF,40,WNT-0,WNT,0,2,EGF-40_WNT-0,EGF-40_WNT-0_2,WNT-0,0,EGF-40,40,0.0,-,0.26112080213293265,0.04120373442593388,0.24113387722615812,0.2810323049485848,0.9201087166516231,0.8110272694428462,0.16544807865156405,0.15571935899797082,0.2494076181276847,0.32737550398900184,0.5679850607209554,0.7135180477623637,0.8639001419714424,0.8598553375764082,0.5083143336387413,0.4971033047456511,0.35580589660052486,0.4242527536193738,0.8062543256587531,0.5598879613170765,0.6959243650179419,0.6343595945065321,0.7334739132037561,0.5748485984773454,0.8332444783184477,0.227585503047197,0.17493609733383392,0.5076314147495486,0.15509288905976593,0.15189942550190386,0.2495351484312074,0.5068695832009349,0.2248732216874641,0.44496653760558147,-0.5281302654930758,0.37830500636584297,0.402738490105625,0.07581787860833522,0.07130662947445418,0.35662483178534043,0.732274030081971,0.11578527944403814
B1,66,EGF-40,EGF,40,WNT-0,WNT,0,3,EGF-40_WNT-0,EGF-40_WNT-0_3,WNT-0,0,EGF-40,40,0.0,-,0.19350458751114247,-0.04887594784885005,-0.2775566344631598,0.13164530355251733,0.5706119540021402,0.7677896781287458,0.08332580456833846,0.15976321761639176,0.24701066276187944,0.3180296803431379,0.5062591272861376,0.6524063568927599,0.8280839734202272,0.7882064918269482,0.4680947571316256,0.48483469501204524,0.31392436872540164,0.3776467131794394,0.7821385972932908,0.5455964174052527,0.7147899209673894,0.5925366937182939,0.8207215691901762,0.4742601754244081,0.8263340823060702,0.21526776701212988,0.11493313024762403,0.5254423483179961,0.15698588365866928,0.14748415675044174,0.23156191871471546,0.47476400448237477,0.19787048960433024,0.7310075767478514,-0.5522691144230594,0.3905301418505523,0.4439512721359781,0.043492162618546,0.046596529122167885,0.13809091128224893,0.6908429738657589,0.174454323849161
B1,67,EGF-25,EGF,25,WNT-0,WNT,0,1,EGF-25_WNT-0,EGF-25_WNT-0_1,WNT-0,0,EGF-25,25,0.0,-,0.09514249425411506,-0.2872405289783049,-0.23704208792330797,-0.03657348357251258,0.4539715079387084,0.4823849844809613,-0.1691073922253138,0.07585131044855527,0.13719914379456288,0.19319430720700925,0.2687682977031922,0.25921937260441286,0.4211884806736978,0.4937320620497088,0.2981025898968382,0.30664240341058946,0.23656774758580335,0.2634058252184826,0.5716952342601794,0.383642817567012,0.47667360441617235,0.3667644026861379,0.535631717292613,0.3796511468201187,0.48392065170262555,0.13687901536679406,0.07661743795649426,0.27676539369869324,0.096345026667364,0.07741705873410408,0.12031307870672137,0.29976130684399577,0.07004363482113277,0.27495157074032883,-0.4484141995130157,0.26483455067787354,0.22305424293700515,-0.07903436417508813,-0.07654739503197876,0.47948120405444883,0.4529610029343353,0.10363584854566164
B1,68,EGF-25,EGF,25,WNT-0,WNT,0,2,EGF-25_WNT-0,EGF-25_WNT-0_2,WNT-0,0,EGF-25,25,0.0,-,0.34611951826826576,0.1194689713312902,0.2702151379701933,0.17012183143167753,0.7169006273527009,0.8108427162597001,0.18218052300512083,0.13540707108352237,0.26635874594127457,0.3691466317048984,0.5118419505262474,0.620834945622796,0.8257350373355548,0.8889319806930897,0.5459177222235175,0.5305740556867744,0.4162695025819385,0.4171357115238158,0.9011114181100055,0.6718299620511617,0.7257624426480274,0.6571392995484051,0.8381925480886865,0.5678413247779246,0.9221940789056184,0.2795852819310052,0.23762873102828194,0.5536148639414817,0.19559728581368319,0.21858679301975914,0.2848529264731214,0.5881204981527348,0.23473451371400764,0.6646017890406615,-0.3588890842886181,0.40063431199942046,0.3207103246779187,0.11809182699403163,0.1180441631586948,0.41312333615806573,0.8086488674492118,0.19888363102179757
B1,69,EGF-25,EGF,25,WNT-0,WNT,0,3,EGF-25_WNT-0,EGF-25_WNT-0_3,WNT-0,0,EGF-25,25,0.0,-,0.30097794105803855,0.04482943904930498,0.3124619200975766,0.10922586407363427,0.5758638691199921,0.5912014829955389,0.10912819906829968,0.0794986170977266,0.15536814399756527,0.296687176113854,0.4614986043939073,0.4849665243898306,0.7125827424423242,0.6878685616294994,0.3722309191677622,0.36134724819184294,0.38701931851288945,0.3678973279778992,0.7103822126444419,0.535230262082371,0.5688744854240873,0.42302426564093365,0.9160682016461923,0.5006342148106282,0.797333293094951,0.25490623514401717,0.16437037902979817,0.45782535526176027,0.1788126241196993,0.15069641670629252,0.20039857606279116,0.5105629836236243,0.13758159029191147,0.5658411850169416,-0.4114681085587903,0.35345255025906347,0.215279373426711,0.07245041564518008,0.06923718364419401,0.2438069809900837,0.6873017204714358,0.14527449637902135
B1,70,EGF-10,EGF,10,WNT-0,WNT,0,1,EGF-10_WNT-0,EGF-10_WNT-0_1,WNT-0,0,EGF-10,10,0.0,-,0.2534742387075489,-0.11769052083553887,0.31567338110392196,0.10467453526590981,0.6427437654172372,0.9342811057561401,0.20089328597133851,0.17586513997390268,0.26841428195101064,0.41603432211566244,0.5802981115699155,0.7076289366754112,1.0134011058172963,0.9475272091452178,0.5353415848997748,0.5542242652100795,0.458294799064654,0.5126631731132143,0.9426664501814681,0.6983413219629626,0.8205912596857676,0.7176489899015507,0.9921764526500885,0.7180135925600164,1.0205379484414785,0.3180178261898595,0.21715443380193333,0.6274317212620137,0.1852754940508087,0.2418589790019239,0.3352101687258744,0.610004765560981,0.24396894553062004,0.5143080455923879,-0.6533923231112164,0.4796027079031833,0.2658762547115323,0.10519080465319858,0.10779477096754753,0.5153571630556925,0.8213706893824437,0.14963250987229587
B1,71,EGF-10,EGF,10,WNT-0,WNT,0,2,EGF-10_WNT-0,EGF-10_WNT-0_2,WNT-0,0,EGF-10,10,0.0,-,0.29702024651106207,0.08746459045014272,0.3041814056373523,0.16032587663809655,0.4369556736787991,0.7202828390562463,0.15378339536739688,0.09407333535474277,0.19975283193132354,0.2756817747947228,0.4642133144820646,0.5979453138096928,0.7856071765642991,0.8148194096835535,0.4391950350612889,0.44789172706269353,0.38496769769178973,0.3692285562495131,0.795479038859428,0.6144857804215023,0.6578830539355598,0.6077668282732865,0.7838817292791103,0.5773965686248854,0.8014195679019518,0.22498901442313957,0.1405194937118861,0.5050582058556599,0.16089374472389334,0.176222422784303,0.24595406827555089,0.5042705179748015,0.1911648033499927,0.49238253266698767,-0.4759530737937565,0.3594712005473044,0.23818958344703028,0.09828712470212532,0.09647390081249418,0.4954787827282362,0.7656360115133027,0.17761825628818903
B1,72,EGF-10,EGF,10,WNT-0,WNT,0,3,EGF-10_WNT-0,EGF-10_WNT-0_3,WNT-0,0,EGF-10,10,0.0,-,0.2375602264163284,0.04474472764418034,-0.15339099407285461,0.114470688912131,0.77144083959183,0.6151473238277548,0.159455606307907,0.14001349520391349,0.17164702057074385,0.2947226622563369,0.41920208931653713,0.42875991787165796,0.5912393045509394,0.6071591211044143,0.36042274732609,0.3295492574315992,0.3501329096601703,0.39945545025861784,0.6660919617369063,0.526286751948259,0.5413448896254054,0.4630771594362189,0.5837749190530968,0.45812573786448735,0.6226067113839122,0.23178322147362546,0.17083878118015655,0.45632435576858704,0.17625022672177226,0.13117988292904492,0.21387511903544237,0.4385397750413086,0.2502090373577524,0.422798414761428,-0.4010575542865613,0.3580613539372919,0.20264387733099806,0.07234778076203166,0.06909321338004001,0.14380881189884595,0.5050781799283859,0.14797992098385812
B1,73,WNT-20,WNT,20,EGF-10,EGF,10,1,WNT-20_EGF-10,WNT-20_EGF-10_1,WNT-20,20,EGF-10,10,2.0,0.5,0.5690281043194905,-0.27472872385983593,0.415694087814072,0.12377272131026035,1.1777739358381885,0.6911770587248217,0.10409725466475342,0.1444958515803817,0.2964350655660741,0.2550640722616534,0.47851374749176606,0.5931351700647605,0.6929481208753874,0.8395640096005103,0.48923858938519604,0.4049004225223061,0.3915386734495378,0.3903670487610673,0.7998244539268906,0.5912138468472845,0.6091601389537433,0.45585280949539253,0.7083164888158204,0.5931693380243374,0.7364288079910373,0.17040277817137578,0.16168768911141113,0.4338103874547002,0.11772522544627895,0.2491114457433885,0.19061216581200074,0.5091926440021626,0.16221926593719133,0.4918101060400082,-0.21011853269098266,0.3635248021993755,0.21882841913685538,0.09870209354127166,0.09627797078441072,0.07614703388380231,0.72794671542016,0.17948095484170484
B1,74,WNT-20,WNT,20,EGF-10,EGF,10,2,WNT-20_EGF-10,WNT-20_EGF-10_2,WNT-20,20,EGF-10,10,2.0,0.5,0.5439141898532349,-0.5353523570666,0.37274481227780665,0.20762752238452858,1.322163050980412,0.7834374975876958,-0.1662557683412688,0.1309116203170357,0.24608891961444115,0.2772976427110571,0.597799301201031,0.8653654484060898,0.8360195326927129,1.1348648082258022,0.5867318997984889,0.42064143342869403,0.33745697150331333,0.4740580056815109,1.0087403492316975,0.6428386551668427,0.7341609766585222,0.5117851369394368,0.8905245119408667,0.5270986623849179,0.9225502226067815,0.20236598524423557,0.13513287452911954,0.4734677482634005,0.15924302794066034,0.28767981225751926,0.22116238216768408,0.6398943554254624,0.16654475580936895,0.39493127939497374,-0.3106136447308555,0.40570279221642425,0.2448209943323356,0.10176830048333466,0.09647708381894367,-0.0746232296974941,0.8166342505912008,0.16699959185835744
B1,75,WNT-20,WNT,20,EGF-10,EGF,10,3,WNT-20_EGF-10,WNT-20_EGF-10_3,WNT-20,20,EGF-10,10,2.0,0.5,0.4746534406684659,-0.39195627694892,0.29646058295146116,0.17970600704288014,1.127445272325141,0.7350464790480528,0.12254394085174587,0.07581451721608562,0.2398495560470412,0.245391209746027,0.47842670813412524,0.6907718747806626,0.7266817694202818,0.9613820116292962,0.5104295335100905,0.40930355472765023,0.34513229283995234,0.43903042529081426,0.8818910851330548,0.6376457833989226,0.6776980507789804,0.4939447116072131,0.8710471813399412,0.5183877951073751,0.8554781693100243,0.17299305801960324,0.17111090408374047,0.4900837294024215,0.13531760000297208,0.27737862136480573,0.1855562655363276,0.5987266830648406,0.16570767580395113,0.5062167042075527,-0.15571839117683117,0.3442579930230717,0.24791854588200737,-0.046876372245139526,-0.04868203135908307,0.12790280599513212,0.7125874087474091,0.10463090252816304
B1,76,WNT-50,WNT,50,EGF-25,EGF,25,1,WNT-50_EGF-25,WNT-50_EGF-25_1,WNT-50,50,EGF-25,25,2.0,0.5,0.5767549868712797,-0.29915556376810637,0.3308612855626043,0.18878757336729624,0.5774408704244023,0.6443290562063617,0.14711456606182993,0.10841377113638086,0.2899924126048984,0.1857647021697026,0.45854791102208525,0.7513168465890141,0.7934830225881626,0.938992588327546,0.47169141417513694,0.3046692849480094,0.3142401189969438,0.35507028688047837,0.8175609173386299,0.5068251307314404,0.5860402897987271,0.46848848023381345,0.6972906290010479,0.47928852073353434,0.8069488487232443,0.15319312442917224,0.12515210766901413,0.3701995256304747,0.07146752247693096,0.5004168288699333,0.18394118396379316,0.5079603411971835,0.17730825541710332,0.35846508692660284,-0.06645493697428671,0.29199914063253923,0.22481890888790268,-0.09159273698578933,-0.09291241697134131,-0.17012201181577566,0.7163789366497988,0.10082753228538627
B1,77,WNT-50,WNT,50,EGF-25,EGF,25,2,WNT-50_EGF-25,WNT-50_EGF-25_2,WNT-50,50,EGF-25,25,2.0,0.5,0.7250630570755798,-0.26215373940640574,0.33955380105512667,0.18358383231145506,0.4964428134403144,0.5710681333164762,0.11182718339160674,0.09496506275798644,0.21274427289231318,0.24360307475725756,0.4544679346409929,0.6871126502056097,0.6525065028776317,0.8522832436563954,0.4665828959172374,0.2882742743376748,0.380049119124098,0.40407934411558544,0.8204011502323346,0.5192065949794243,0.5502517937012974,0.4123845731837139,0.7192568806828403,0.4474139925838936,0.8084240994198897,0.2512820588632978,0.215326646744045,0.403731839679525,0.14617033021144857,0.37476335225604646,0.19451416517626113,0.5224032608157083,0.1869798235039547,0.3635255413025111,0.3000605535349586,0.3096079154466366,0.27145902441285036,0.0674458871066459,0.06776355758387298,0.12325877039857958,0.6884167124522137,0.11138305168155159
B1,78,WNT-50,WNT,50,EGF-25,EGF,25,3,WNT-50_EGF-25,WNT-50_EGF-25_3,WNT-50,50,EGF-25,25,2.0,0.5,0.5759030649647952,-0.12116085120457348,0.31623309170924246,0.17871087012517506,0.3161272615219606,0.5853260672560241,0.14319101493716332,0.08711790531800467,0.25646365586976955,0.19878974685972303,0.3902693779916969,0.6095970478694573,0.6493215442153764,0.6996427128856625,0.3818458445217429,0.28339350804226515,0.35001115426388707,0.31157655206757495,0.6551599823197183,0.43071911443612454,0.4780054988893425,0.39409844958309026,0.5334642276086217,0.3922412697446387,0.6820532877337694,0.16416917806908726,0.14369577484049756,0.3734498538122479,0.08332316900120301,0.33899154326177583,0.14448352135216574,0.40423853727736736,0.16893739254416945,0.3780182267367389,0.18751344771466152,0.2200114174208629,0.23227078706519308,0.07887265749930547,0.07733418630248201,0.0902518565145078,0.6186166103299277,0.0871288052918723
B1,79,WNT-100,WNT,100,EGF-50,EGF,50,1,WNT-100_EGF-50,WNT-100_EGF-50_1,WNT-100,100,EGF-50,50,2.0,0.5,0.28431485917418087,-0.6504564383710252,-0.17248731023736488,-0.15252276423534772,-0.43214527849546314,-0.4203557280789189,-0.396756216627909,-0.15609783900291985,-0.11538974249673808,-0.27584485375466916,-0.38435169843006567,-0.18218345395676244,-0.23551643966320268,-0.23266164156805236,-0.20231347322589494,-0.2692966591681346,-0.31157020752682646,-0.29360808944402983,-0.315372374078579,-0.25795171526288424,-0.40868292919399,-0.3096669789217877,-0.3769582136202495,-0.34450653911149165,-0.5417453841214946,-0.2544813171341531,-0.2756388991362886,-0.3938170217695996,-0.23907651918162526,0.1100447762222824,-0.1778897502901176,-0.207401283329452,-0.15527635912334664,-0.26412491392875614,0.3511679680435914,-0.15875232375104864,-0.38629681434843965,-0.14232724998042035,-0.13600434949058607,-0.5455616076121238,-0.5235094657355862,0.039512390925725414
B1,80,WNT-100,WNT,100,EGF-50,EGF,50,2,WNT-100_EGF-50,WNT-100_EGF-50_2,WNT-100,100,EGF-50,50,2.0,0.5,0.5011452377719255,-0.5844736530510863,-0.2917668576327024,0.11683449710785157,-0.2673937431613983,0.19986887699575492,-0.15265970358293446,-0.10149073628824648,-0.030907040813548146,-0.17688377249448775,-0.20176877996102024,0.10703456301466333,0.09910518788936597,0.1113458503469445,0.0571897620552067,0.1647065401837546,-0.2851208021926017,-0.13961573010018394,0.16181496558433947,0.0646097397144404,0.17214037122179365,0.18241374711549752,-0.07699097409176786,-0.22742984120013512,-0.1583985693464261,-0.10807774563747537,-0.1346620296249026,-0.1980772083616914,-0.16665993316206046,0.1919536085800574,-0.13262927080644274,0.07677039847130263,-0.12574816290348426,-0.2812201619735408,0.5334682840612386,-0.0876682881718877,-0.3330254988623282,-0.11524140376672337,-0.11201882847456746,-0.36931914790927667,-0.25065905941489436,0.06345027566141143
B1,81,WNT-100,WNT,100,EGF-50,EGF,50,3,WNT-100_EGF-50,WNT-100_EGF-50_3,WNT-100,100,EGF-50,50,2.0,0.5,0.39433576195067754,-0.5863320960576871,-0.2188272364594207,0.11631094015820757,-0.30652433275411295,-0.183256536310319,-0.2790570343754418,-0.10519480036334743,0.034514776364158666,-0.17271355935818083,-0.1894557180910736,-0.1308128812727691,-0.060231434087957204,0.16975001703856157,-0.029707258442802136,-0.1302434916912407,-0.19449242668536953,-0.11647143536801824,0.18882906369719255,-0.06047276027190107,-0.15536762347510366,-0.17511091423922007,-0.1017685741527008,-0.21630185313745123,-0.288480354487349,-0.17444666430525668,-0.13989273616578018,-0.2464907954176917,-0.20223497097978144,0.16151975562503323,-0.1264885497342031,0.14204973638237373,-0.10610993255248602,-0.15198559414628923,0.4007080138105879,-0.05306003300988758,-0.29669775469022197,-0.06422552691093422,-0.05640209498254799,-0.17211378425096416,-0.2236920337766592,0.020434860610540784
